colonia,Calle,# de casa,Código postal,Unnamed: 4,Ubicacion,Latitude,Longitude
SANTA MARIA,SAN MATEO,1407,44350,Guadalajara,SANTA MARIA SAN MATEO 1407 44350 Guadalajara,20.687991,-103.315718
JARDINES DE LA PAZ,TEJEDORES,569,44860,Guadalajara,JARDINES DE LA PAZ TEJEDORES 569 44860 Guadalajara,20.6456144,-103.3027032
RINCONADA DE HUENTITAN,JUAN CARRASCO,5234,44250,Guadalajara,RINCONADA DE HUENTITAN JUAN CARRASCO 5234 44250 Guadalajara,20.733417,-103.321824
COLINAS DEL REY,AV TORREMOLINOS,3500,45130,zapopan,COLINAS DEL REY AV TORREMOLINOS 3500 45130 zapopan,20.7529511,-103.4073257
FRACC MIRADOR D SN I,AV INDUSTRIA TE,2030,45133,zapopan,FRACC MIRADOR D SN I AV INDUSTRIA TE 2030 45133 zapopan,20.758156,-103.3867654
EL BRISE?,PASEO DE LA MAT,200,45236,zapopan,EL BRISE? PASEO DE LA MAT 200 45236 zapopan,20.6193793,-103.4352826
LAGOS D OTE ZONA TET,LICURGO,336,44770,Guadalajara,LAGOS D OTE ZONA TET LICURGO 336 44770 Guadalajara,20.6751707,-103.3473385
VIGIA I,DEL CORRAL,604,45140,zapopan,VIGIA I DEL CORRAL 604 45140 zapopan,20.7316505,-103.3952503
SANTA ANA TEPETITLAN,HIDALGO,35,45230,zapopan,SANTA ANA TEPETITLAN HIDALGO 35 45230 zapopan,20.6208879,-103.4560404
SAN RAFAEL,CARLOS GONZALEZ,280,44810,Guadalajara,SAN RAFAEL CARLOS GONZALEZ 280 44810 Guadalajara,20.6570889,-103.2966814
MESA COLORADA PTE,DELLI,1825,45189,zapopan,MESA COLORADA PTE DELLI 1825 45189 zapopan,20.7705003,-103.3479558
LA AURORA,JARDINES DE BAB,20,44790,Guadalajara,LA AURORA JARDINES DE BAB 20 44790 Guadalajara,20.6615108,-103.2837726
BLANCO Y CUELLAR,EMILIO RABAZA,2132,44730,Guadalajara,BLANCO Y CUELLAR EMILIO RABAZA 2132 44730 Guadalajara,20.6795279,-103.3046447
OBLATOS PONIENTE,HDA LAS CRUCES,2158,44700,Guadalajara,OBLATOS PONIENTE HDA LAS CRUCES 2158 44700 Guadalajara,20.693503,-103.2990589
RESID LAS ARBOLEDAS,AURORA BOREAL N,4170,45070,zapopan,RESID LAS ARBOLEDAS AURORA BOREAL N 4170 45070 zapopan,20.6282613,-103.4283633
OBLATOS PONIENTE,HACIENDA LA GAV,3208,44700,Guadalajara,OBLATOS PONIENTE HACIENDA LA GAV 3208 44700 Guadalajara,20.7023208,-103.2829192
TETLAN,AURELIA GUEVARA,3518,44820,Guadalajara,TETLAN AURELIA GUEVARA 3518 44820 Guadalajara,20.6554278,-103.2889519
VILLAS DE GADALUPE,AV PATRIA,4177,44720,Guadalajara,VILLAS DE GADALUPE AV PATRIA 4177 44720 Guadalajara,20.6895609,-103.2851073
MORELOS,CISNE,1332,44910,Guadalajara,MORELOS CISNE 1332 44910 Guadalajara,20.6517869,-103.3572848
BOSQUES D L VICTORIA,FAUNA,2765,44540,Guadalajara,BOSQUES D L VICTORIA FAUNA 2765 44540 Guadalajara,20.6463741,-103.3890559
FRACC REAL DEL BOSQUE,BERROCAL,449,45130,zapopan,FRACC REAL DEL BOSQUE BERROCAL 449 45130 zapopan,20.7521489,-103.3924863
BARRIO ANALCO,ABASOLO,147,44450,Guadalajara,BARRIO ANALCO ABASOLO 147 44450 Guadalajara,20.6696675,-103.3354279
LA CAMPESINA,JOSE MARIA SARM,1488,44769,Guadalajara,LA CAMPESINA JOSE MARIA SARM 1488 44769 Guadalajara,20.6823112,-103.2686349
INF LA TUZANIA,AV DE LAS PALME,1246,45138,zapopan,INF LA TUZANIA AV DE LAS PALME 1246 45138 zapopan,20.7344059,-103.4157484
ECHEVERRIA,JOSE ARTEAGA,2985,44970,Guadalajara,ECHEVERRIA JOSE ARTEAGA 2985 44970 Guadalajara,20.6256839,-103.3666996
JARDINES DE LA CRUZ,ISLA ASENCION,3108,44950,Guadalajara,JARDINES DE LA CRUZ ISLA ASENCION 3108 44950 Guadalajara,20.6375951,-103.3810856
JARDINES DE LOS POET,JOSE FERNANDEZ,3365,44820,Guadalajara,JARDINES DE LOS POET JOSE FERNANDEZ 3365 44820 Guadalajara,20.6488613,-103.2930375
HDA SAN ISIDRO,EJIDO,570,45147,zapopan,HDA SAN ISIDRO EJIDO 570 45147 zapopan,20.7311616,-103.398173
ELECTRICISTAS,RAMOS ARIZPE,451,44810,Guadalajara,ELECTRICISTAS RAMOS ARIZPE 451 44810 Guadalajara,20.6549543,-103.2980962
LOS ROBLES,CALLE LOS ROBLE,395,45134,zapopan,LOS ROBLES CALLE LOS ROBLE 395 45134 zapopan,20.76045,-103.4237244
ARTESANOS,GENERAL EULOGIO,712,44200,Guadalajara,ARTESANOS GENERAL EULOGIO 712 44200 Guadalajara,20.6868335,-103.3572848
ZALATE II,OTILIO GONZALEZ,1116,44760,Guadalajara,ZALATE II OTILIO GONZALEZ 1116 44760 Guadalajara,20.6793445,-103.2748488
REAL DE VALDEPE?S,ALAMBIQUE,51,45130,zapopan,REAL DE VALDEPE?S ALAMBIQUE 51 45130 zapopan,20.7561115,-103.4015168
FRACC CUSPIDE,SENDA DEL OCOTE,22,45200,zapopan,FRACC CUSPIDE SENDA DEL OCOTE 22 45200 zapopan,20.816668,-103.4838407
MARAVILLA,SANTA JULIA,1334,44700,Guadalajara,MARAVILLA SANTA JULIA 1334 44700 Guadalajara,20.6971899,-103.3050758
JARDINES DE LA CRUZ,ISLA MADAGASCAR,3111,44950,Guadalajara,JARDINES DE LA CRUZ ISLA MADAGASCAR 3111 44950 Guadalajara,20.6386379,-103.3861274
BOSQUE ESCONDIDO,PASEO DE LOS AL,10,45180,zapopan,BOSQUE ESCONDIDO PASEO DE LOS AL 10 45180 zapopan,20.7355316,-103.3554799
GENERAL REAL,MARCONI,17,44400,Guadalajara,GENERAL REAL MARCONI 17 44400 Guadalajara,20.6682224,-103.3241833
2024-03-18 00:00:00,NATIVIDAD MACIA,1326,44960,Guadalajara,45369 NATIVIDAD MACIA 1326 44960 Guadalajara,20.6333595,-103.369541
CANTARRANAS,MIGUEL BERNAL,3327,44829,Guadalajara,CANTARRANAS MIGUEL BERNAL 3327 44829 Guadalajara,20.6588519,-103.2912823
DIVISION DL NTE ZAP,FRANCISCO VILLA,27,45180,zapopan,DIVISION DL NTE ZAP FRANCISCO VILLA 27 45180 zapopan,20.7361467,-103.3527111
MIRAVALLE II,HERMENEGILDO BU,4308,44990,Guadalajara,MIRAVALLE II HERMENEGILDO BU 4308 44990 Guadalajara,20.6171935,-103.3515091
EL COLLY URBANO I,MELCHOR OCAMPO,1233,45070,zapopan,EL COLLY URBANO I MELCHOR OCAMPO 1233 45070 zapopan,20.6431926,-103.4295033
TETLAN,GIGANTES,108,44820,Guadalajara,TETLAN GIGANTES 108 44820 Guadalajara,20.6620349,-103.2728412
LA PERLA,PEDRO LANDAZURI,733,44360,Guadalajara,LA PERLA PEDRO LANDAZURI 733 44360 Guadalajara,20.6828464,-103.3325044
SANTA FE,EMILIANO ZAPATA,574,45168,zapopan,SANTA FE EMILIANO ZAPATA 574 45168 zapopan,20.7154469,-103.3926668
BENITO JUAREZ,JUAN MANUEL RUV,1992,45199,Guadalajara,BENITO JUAREZ JUAN MANUEL RUV 1992 45199 Guadalajara,20.7349255,-103.3399585
REAL QUINTAS DEL VALLE,CIRCUITO REAL S,0,45138,zapopan,REAL QUINTAS DEL VALLE CIRCUITO REAL S 0 45138 zapopan,20.7531957,-103.4360243
ARANDAS,HACIENDA LA ERR,1877,44720,Guadalajara,ARANDAS HACIENDA LA ERR 1877 44720 Guadalajara,20.6886638,-103.2887465
INF LA TUZANIA,CAPULINES,40,45138,zapopan,INF LA TUZANIA CAPULINES 40 45138 zapopan,20.7318681,-103.4131707
SAN ANDRES,GOMEZ FARIAS,2319,44810,Guadalajara,SAN ANDRES GOMEZ FARIAS 2319 44810 Guadalajara,20.6625598,-103.3068097
MIRAVALLE,JOSE JARAMILLO,526,44990,Guadalajara,MIRAVALLE JOSE JARAMILLO 526 44990 Guadalajara,20.6155611,-103.3527505
RESIDENCIAL GUADALUP,MISION SAN PATR,350,45030,zapopan,RESIDENCIAL GUADALUP MISION SAN PATR 350 45030 zapopan,20.6552033,-103.4345602
VISTA HERMOSA,VISTA BONITA,739,45189,zapopan,VISTA HERMOSA VISTA BONITA 739 45189 zapopan,20.7619353,-103.3337076
"FRACC, LOS MOLINOS",CTO OBSIDIANA,39,45200,zapopan,"FRACC, LOS MOLINOS CTO OBSIDIANA 39 45200 zapopan",20.8476145,-103.4219418
PROGRESO,FRANCISCO SARAB,235,44730,Guadalajara,PROGRESO FRANCISCO SARAB 235 44730 Guadalajara,20.6751707,-103.3473385
VILLA FONTANA DIAMANTE,AV LAS TORRES,1896,45200,zapopan,VILLA FONTANA DIAMANTE AV LAS TORRES 1896 45200 zapopan,20.7744077,-103.4756926
HELIODORO HERNANDEZ,CELIA PACHECO,3713,44720,Guadalajara,HELIODORO HERNANDEZ CELIA PACHECO 3713 44720 Guadalajara,20.6963895,-103.2787599
REVOLUCION SEGUNDA SECCION,REVOLUCION,51,45200,zapopan,REVOLUCION SEGUNDA SECCION REVOLUCION 51 45200 zapopan,20.8271097,-103.4344083
EL CENTRO,JUAREZ,400,44100,Guadalajara,EL CENTRO JUAREZ 400 44100 Guadalajara,20.6753109,-103.348674
BALCONES DE OBLATOS,ROSA RODRIGUEZ,3876,44720,Guadalajara,BALCONES DE OBLATOS ROSA RODRIGUEZ 3876 44720 Guadalajara,20.6869758,-103.2901584
IXTLAHUACAN DEL RIO,HDA SAN MIGUEL,10,45260,zapopan,IXTLAHUACAN DEL RIO HDA SAN MIGUEL 10 45260 zapopan,20.8692661,-103.2355813
COLINAS DE ATEMAJAC,AV AURELIO ORTE,1176,45170,zapopan,COLINAS DE ATEMAJAC AV AURELIO ORTE 1176 45170 zapopan,20.7208854,-103.3674014
RESIDENCIAL TESISTAN,PARQUE MEXICANO,150,45200,zapopan,RESIDENCIAL TESISTAN PARQUE MEXICANO 150 45200 zapopan,20.7990055,-103.4673951
PASEOS DEL SOL,TOMAS BALCAZAR,5404,45079,zapopan,PASEOS DEL SOL TOMAS BALCAZAR 5404 45079 zapopan,20.6371278,-103.4270208
EL BATAN,ALCALDE,288,45190,zapopan,EL BATAN ALCALDE 288 45190 zapopan,20.7221151,-103.3450117
COPALITA,AV AMARANTO,175,45200,zapopan,COPALITA AV AMARANTO 175 45200 zapopan,20.8101768,-103.4544621
EL COLLY URBANO I,VOLCAN VESUBIO,2321,45070,zapopan,EL COLLY URBANO I VOLCAN VESUBIO 2321 45070 zapopan,20.6413488,-103.4276284
LADRON DE GUEVARA,FRAY LUIS DE PA,443,44600,Guadalajara,LADRON DE GUEVARA FRAY LUIS DE PA 443 44600 Guadalajara,20.6769383,-103.3717253
MIRAVALLE,MAURICIO CAMPOS,512,44990,Guadalajara,MIRAVALLE MAURICIO CAMPOS 512 44990 Guadalajara,20.6095034,-103.3469693
LA FLORESTA DEL COLLI,BOULEVARD PUERT,26,45116,zapopan,LA FLORESTA DEL COLLI BOULEVARD PUERT 26 45116 zapopan,20.6467406,-103.4677957
VILLA UNIVESITARIA,AV PATRIA,1446,45110,zapopan,VILLA UNIVESITARIA AV PATRIA 1446 45110 zapopan,20.6973658,-103.4155417
SAN JUAN BOSCO,FELIX BERNARDEL,428,44730,Guadalajara,SAN JUAN BOSCO FELIX BERNARDEL 428 44730 Guadalajara,20.6792166,-103.3146951
VICTOR HUGO,PRIVADA COLON,150,45190,zapopan,VICTOR HUGO PRIVADA COLON 150 45190 zapopan,20.7212215,-103.3545682
AMERICANA,COLONIAS,221,44160,Guadalajara,AMERICANA COLONIAS 221 44160 Guadalajara,20.6717775,-103.3630608
2024-12-12 00:00:00,TRUENO,260,45068,zapopan,45638 TRUENO 260 45068 zapopan,20.6488854,-103.4591247
VICENTE GUERRERO,C CEDROS,15,45134,zapopan,VICENTE GUERRERO C CEDROS 15 45134 zapopan,20.76045,-103.4237244
VISTA HERMOSA,AV VISTA HERMO,3763,45189,zapopan,VISTA HERMOSA AV VISTA HERMO 3763 45189 zapopan,20.7617597,-103.3348175
PRADOS GUADALUPE,G ROSSINI,428,45030,zapopan,PRADOS GUADALUPE G ROSSINI 428 45030 zapopan,20.6734682,-103.4204738
JARDINES DE STA ISAB,COMBATE DE SACR,228,44300,Guadalajara,JARDINES DE STA ISAB COMBATE DE SACR 228 44300 Guadalajara,20.7146077,-103.3103647
BEATRIZ HERNANDEZ,GAZA,1333,44760,Guadalajara,BEATRIZ HERNANDEZ GAZA 1333 44760 Guadalajara,20.6810198,-103.2866783
CIRCUNVAL VALLARTA,REFORMA,2749,44680,Guadalajara,CIRCUNVAL VALLARTA REFORMA 2749 44680 Guadalajara,20.6809709,-103.3854452
GUADALUPANA,CELEDONIO PADIL,2162,44220,Guadalajara,GUADALUPANA CELEDONIO PADIL 2162 44220 Guadalajara,20.7099659,-103.3553481
VALLE REAL,PASEO SAN ARTUR,685,45019,zapopan,VALLE REAL PASEO SAN ARTUR 685 45019 zapopan,20.724178,-103.4464948
HERMOSA PROVIN ZO TE,ARQUIMIDES,630,44770,Guadalajara,HERMOSA PROVIN ZO TE ARQUIMIDES 630 44770 Guadalajara,20.6713596,-103.2843857
SANTA ROSA,MELQUIADES CAMP,2289,44700,Guadalajara,SANTA ROSA MELQUIADES CAMP 2289 44700 Guadalajara,20.6958496,-103.2980962
LA VENTA DEL ASTILLE,JILGEROS,33,45221,zapopan,LA VENTA DEL ASTILLE JILGEROS 33 45221 zapopan,20.72564,-103.5462189
RINCONADA DL AUDITOR,ALBERTO CINTA,39,45180,zapopan,RINCONADA DL AUDITOR ALBERTO CINTA 39 45180 zapopan,20.7367659,-103.3425616
MODERNA,AV ESPANA,1092,44190,Guadalajara,MODERNA AV ESPANA 1092 44190 Guadalajara,20.6592017,-103.3525373
VALLARTA SAN JORGE,EUCLIDES,3302,44690,Guadalajara,VALLARTA SAN JORGE EUCLIDES 3302 44690 Guadalajara,20.6755195,-103.3988528
SAN VICENTE,MONTES MARCIANO,2173,44330,Guadalajara,SAN VICENTE MONTES MARCIANO 2173 44330 Guadalajara,20.6960687,-103.3139733
SAN ISIDRO EJIDAL,NUEVO MEXICO,250,45147,zapopan,SAN ISIDRO EJIDAL NUEVO MEXICO 250 45147 zapopan,20.7266188,-103.3981284
PARAISOS DEL COLLY,GALEANA,1068,45069,zapopan,PARAISOS DEL COLLY GALEANA 1068 45069 zapopan,20.6508689,-103.4549679
EL BATAN,ANDADOR AGUA AZ,44,45190,zapopan,EL BATAN ANDADOR AGUA AZ 44 45190 zapopan,20.7221877,-103.3438725
INDEPENDENCIA PTE,ROGELIO BACON,1676,44290,Guadalajara,INDEPENDENCIA PTE ROGELIO BACON 1676 44290 Guadalajara,20.7036935,-103.3333151
EL FORTIN,ALAMO,1359,45066,zapopan,EL FORTIN ALAMO 1359 45066 zapopan,20.6283228,-103.4699635
BOSQUES D LA CANTERA,PRIV OPALO,17,44306,Guadalajara,BOSQUES D LA CANTERA PRIV OPALO 17 44306 Guadalajara,20.7157293,-103.3146951
LA HACIENDITA,SAN MARTIN,2341,45230,zapopan,LA HACIENDITA SAN MARTIN 2341 45230 zapopan,20.6147624,-103.4475643
ARENALES TAPATIOS,AV GUADALUPE,132,45066,zapopan,ARENALES TAPATIOS AV GUADALUPE 132 45066 zapopan,20.6667157,-103.3938876
AYUNTAMIENTO,BERNARDO DE BAL,1170,44620,Guadalajara,AYUNTAMIENTO BERNARDO DE BAL 1170 44620 Guadalajara,20.698509,-103.3666709
ALTAMIRA,AV AMERICA,580,45160,zapopan,ALTAMIRA AV AMERICA 580 45160 zapopan,20.7122558,-103.3821956
1RO DE MAYO 1A SECCI,CARLOS A CARRIL,527,44970,Guadalajara,1RO DE MAYO 1A SECCI CARLOS A CARRIL 527 44970 Guadalajara,20.6225824,-103.3572848
JARDINES DE LA CRUZ,REYES CATOLICOS,2151,44950,Guadalajara,JARDINES DE LA CRUZ REYES CATOLICOS 2151 44950 Guadalajara,20.6486223,-103.3785285
VILLAS SAN IGNACIO,PABLO QUIROGA,215,45180,zapopan,VILLAS SAN IGNACIO PABLO QUIROGA 215 45180 zapopan,20.724594,-103.3668962
VILLA FONTANA DIAMANTE,AV JADE,86,45200,zapopan,VILLA FONTANA DIAMANTE AV JADE 86 45200 zapopan,20.779509,-103.4714865
JARDINES DE STA ISAB,STA MARTHA,3165,44300,Guadalajara,JARDINES DE STA ISAB STA MARTHA 3165 44300 Guadalajara,20.7147766,-103.3136012
VALLE DE LOS MOLINOS,BERNA,75,45200,zapopan,VALLE DE LOS MOLINOS BERNA 75 45200 zapopan,20.8557347,-103.4231866
FRACC PALERMO,MARINA,204,45200,zapopan,FRACC PALERMO MARINA 204 45200 zapopan,20.8167636,-103.4619374
GARIBAY,DAMASCO,785,44750,Guadalajara,GARIBAY DAMASCO 785 44750 Guadalajara,20.6736568,-103.295105
U H EL ZALATE,JOSE FERNANDEZ,1123,44760,Guadalajara,U H EL ZALATE JOSE FERNANDEZ 1123 44760 Guadalajara,20.6790639,-103.2732636
LOMAS DE POLANCO,JOSE CARRILLO,3528,44960,Guadalajara,LOMAS DE POLANCO JOSE CARRILLO 3528 44960 Guadalajara,20.6243897,-103.3822922
DIVISION DEL NORTE,SILVINA REMBOA,3050,44230,Guadalajara,DIVISION DEL NORTE SILVINA REMBOA 3050 44230 Guadalajara,20.7238915,-103.3364848
PRADOS TEPEYAC,PRADO DE LAS GA,4468,45050,zapopan,PRADOS TEPEYAC PRADO DE LAS GA 4468 45050 zapopan,20.6569105,-103.4128895
EJIDAL LOMA BONITA,PEDRO MORENO,3308,45085,zapopan,EJIDAL LOMA BONITA PEDRO MORENO 3308 45085 zapopan,20.6306388,-103.4035
AMERICANA,MEXICALLTZINGO,1944,44160,Guadalajara,AMERICANA MEXICALLTZINGO 1944 44160 Guadalajara,20.6685168,-103.3674029
BOSQUES D L VICTORIA,PENINSULA,2713,44540,Guadalajara,BOSQUES D L VICTORIA PENINSULA 2713 44540 Guadalajara,20.6463741,-103.3890559
REAL DE VALDEPE?S,CALLE G 1470 TO,1470,45130,zapopan,REAL DE VALDEPE?S CALLE G 1470 TO 1470 45130 zapopan,20.749249,-103.3991666
JARDINES D NVO MEXIC,SEXTA PTE,535,45138,zapopan,JARDINES D NVO MEXIC SEXTA PTE 535 45138 zapopan,20.7672196,-103.4379033
GENERAL REAL,PENSADOR MEXICA,1070,44400,Guadalajara,GENERAL REAL PENSADOR MEXICA 1070 44400 Guadalajara,20.665244,-103.3312763
EL HUMEDO,RIO ACAPONETA,2,45200,zapopan,EL HUMEDO RIO ACAPONETA 2 45200 zapopan,20.7949631,-103.4922431
PASEOS DEL BRISE#O,PASEOS DE LOS I,1,45236,zapopan,PASEOS DEL BRISE#O PASEOS DE LOS I 1 45236 zapopan,20.7408232,-103.3687889
SAN CARLOS,LOS ANGELES,171,44460,Guadalajara,SAN CARLOS LOS ANGELES 171 44460 Guadalajara,20.6751707,-103.3473385
LA PALMITA,MANUEL GONZALEZ,518,45180,zapopan,LA PALMITA MANUEL GONZALEZ 518 45180 zapopan,20.7299998,-103.3587965
BENITO JUAREZ,ADOLFO LOPEZ MA,4754,45199,zapopan,BENITO JUAREZ ADOLFO LOPEZ MA 4754 45199 zapopan,20.7313122,-103.3385042
ARENALES TAPATIOS,DIAMANTE,114,45066,zapopan,ARENALES TAPATIOS DIAMANTE 114 45066 zapopan,20.6340268,-103.4564321
ECHEVERRIA,JOSE ROJO,958,44970,Guadalajara,ECHEVERRIA JOSE ROJO 958 44970 Guadalajara,20.6222964,-103.3610115
VILLA DE GUADALUPE II,PABLO HIPOLITO,45,45189,zapopan,VILLA DE GUADALUPE II PABLO HIPOLITO 45 45189 zapopan,20.7578506,-103.3409918
COLINAS D LA PRIMAVE,CASCADA,147,45066,zapopan,COLINAS D LA PRIMAVE CASCADA 147 45066 zapopan,20.6301249,-103.4656279
CONJ LOMAS ALTAS,PASEO DEL ARCO,4098,45128,zapopan,CONJ LOMAS ALTAS PASEO DEL ARCO 4098 45128 zapopan,20.6848788,-103.4100003
BATALLON SN PATRICIO,CALZADA INDEPEN,503,44300,Guadalajara,BATALLON SN PATRICIO CALZADA INDEPEN 503 44300 Guadalajara,20.6856139,-103.3364619
FEDERALISMO,MONTE HIMALAYA,1416,44350,Guadalajara,FEDERALISMO MONTE HIMALAYA 1416 44350 Guadalajara,20.6915679,-103.3171196
OBLATOS PONIENTE,JUAN PABLO II,3165,44700,Guadalajara,OBLATOS PONIENTE JUAN PABLO II 3165 44700 Guadalajara,20.6958496,-103.2980962
EL CARMEN,FRANCISCO MARCO,2616,44980,Guadalajara,EL CARMEN FRANCISCO MARCO 2616 44980 Guadalajara,20.6178521,-103.3803903
MESA DE LOS OCOTES,PASEO DE LOS PI,3153,45189,zapopan,MESA DE LOS OCOTES PASEO DE LOS PI 3153 45189 zapopan,20.7632265,-103.3515091
HUENTITAN EL BAJO,VOLCAN FUJIYAMA,4413,44250,Guadalajara,HUENTITAN EL BAJO VOLCAN FUJIYAMA 4413 44250 Guadalajara,20.7390409,-103.3189799
LOMAS DL PARAISO 1,RAFAEL CARDENAS,290,44250,Guadalajara,LOMAS DL PARAISO 1 RAFAEL CARDENAS 290 44250 Guadalajara,20.7248011,-103.3191934
2024-05-05 00:00:00,RAMON MARQUEZ,362,44970,Guadalajara,45417 RAMON MARQUEZ 362 44970 Guadalajara,20.6248572,-103.3530714
EL ARENAL,PROLONGACION SA,43,45350,zapopan,EL ARENAL PROLONGACION SA 43 45350 zapopan,20.775698,-103.6951543
HOGARES GUADALAJARA,CIRCUNVALACION,258,44340,Guadalajara,HOGARES GUADALAJARA CIRCUNVALACION 258 44340 Guadalajara,20.689097,-103.3284089
JARDINES DEL BOSQUE,PLACERES,806,44520,zapopan,JARDINES DEL BOSQUE PLACERES 806 44520 zapopan,20.6651045,-103.3918888
MESA DE LOS OCOTES,BETABEL,23,45189,zapopan,MESA DE LOS OCOTES BETABEL 23 45189 zapopan,20.7632265,-103.3515091
INDEPENDENCIA,ROGELIO BACON,2280,44290,Guadalajara,INDEPENDENCIA ROGELIO BACON 2280 44290 Guadalajara,20.7113239,-103.3320885
DEL FRESNO,CIPRES,1738,44900,Guadalajara,DEL FRESNO CIPRES 1738 44900 Guadalajara,20.6570961,-103.3668867
MEZQUITAN COUNTRY,DIAGONAL NAJERA,1876,44260,Guadalajara,MEZQUITAN COUNTRY DIAGONAL NAJERA 1876 44260 Guadalajara,20.6923623,-103.3656108
PARQUE INDUST EL ALA,FUNDICION,2131,44490,Guadalajara,PARQUE INDUST EL ALA FUNDICION 2131 44490 Guadalajara,20.6255231,-103.3340945
RESIDENCIAL TESISTAN,AV SAN MATEO,1115,45200,zapopan,RESIDENCIAL TESISTAN AV SAN MATEO 1115 45200 zapopan,20.7943588,-103.4682866
AGRICOLA,DALIA,138,45236,zapopan,AGRICOLA DALIA 138 45236 zapopan,20.6166871,-103.4323929
INDIGENA D MEZQUITAN,2024-03-18 00:00:00,409,45190,zapopan,INDIGENA D MEZQUITAN 45369 409 45190 zapopan,20.7385264,-103.3312962
LOMAS DEL GALLO,FERNANDO SOLIS,1338,44760,Guadalajara,LOMAS DEL GALLO FERNANDO SOLIS 1338 44760 Guadalajara,20.6791063,-103.2705275
AGRICOLA,OBELISCO,138,45236,zapopan,AGRICOLA OBELISCO 138 45236 zapopan,20.6193793,-103.4352826
MIGUEL HIDALGO,15 DE SEPTIEMBR,3017,45186,zapopan,MIGUEL HIDALGO 15 DE SEPTIEMBR 3017 45186 zapopan,20.7459284,-103.3486213
OBREROS D L CONSTRUC,ABEDUL,274,44900,Guadalajara,OBREROS D L CONSTRUC ABEDUL 274 44900 Guadalajara,20.6546669,-103.364757
CIUDAD DEL SOL,QUETZALCOATL,232,45050,zapopan,CIUDAD DEL SOL QUETZALCOATL 232 45050 zapopan,20.6494332,-103.4073144
LOMAS DL VALLE VI UN,CANCER,3992,45129,zapopan,LOMAS DL VALLE VI UN CANCER 3992 45129 zapopan,20.6888135,-103.406389
VILLA FONTANA DIAMANTE,FUENTE GRAFITO,8884,45200,zapopan,VILLA FONTANA DIAMANTE FUENTE GRAFITO 8884 45200 zapopan,20.7797176,-103.4751321
RANCHO NUEVO,DOMINGO RAMIRE,1150,44240,Guadalajara,RANCHO NUEVO DOMINGO RAMIRE 1150 44240 Guadalajara,20.7209179,-103.331296
MIRAVALLE II,PEDRO PATINO,643,44990,Guadalajara,MIRAVALLE II PEDRO PATINO 643 44990 Guadalajara,20.6072553,-103.350488
TABACHINES,PASEO DE LOS CH,3040,45188,zapopan,TABACHINES PASEO DE LOS CH 3040 45188 zapopan,20.7408232,-103.3687889
MESA COLORADA PTE,ANAHUAC,52,45189,zapopan,MESA COLORADA PTE ANAHUAC 52 45189 zapopan,20.7758971,-103.3514666
LOMAS DEL REFUGIO,AGUA PRIETA,111,45186,zapopan,LOMAS DEL REFUGIO AGUA PRIETA 111 45186 zapopan,20.7411317,-103.3355912
VALLARTA SAN JORGE,TUCIDIDES,156,44690,Guadalajara,VALLARTA SAN JORGE TUCIDIDES 156 44690 Guadalajara,20.6755195,-103.3988528
HUENTITAN EL BAJO,VOLCAN MAIPO,340,44250,Guadalajara,HUENTITAN EL BAJO VOLCAN MAIPO 340 44250 Guadalajara,20.7418207,-103.3153473
JARDINES DE LA CRUZ,AV ISALA RAZA,2460,44950,Guadalajara,JARDINES DE LA CRUZ AV ISALA RAZA 2460 44950 Guadalajara,20.6349829,-103.3912074
INDEPENDENCIA,ROGELIO BACON,2280,44290,Guadalajara,INDEPENDENCIA ROGELIO BACON 2280 44290 Guadalajara,20.7113239,-103.3320885
INF LA TUZANIA,AND OYAMELES,1124,45138,zapopan,INF LA TUZANIA AND OYAMELES 1124 45138 zapopan,20.7373175,-103.4153366
LOMAS DE MIRAMAR,PUERTO CHAMELA,314,45060,zapopan,LOMAS DE MIRAMAR PUERTO CHAMELA 314 45060 zapopan,20.6379988,-103.4611916
COLLY SITIO,ROMANA,6570,45036,zapopan,COLLY SITIO ROMANA 6570 45036 zapopan,20.6536811,-103.4399784
CIUDAD GRANJA,CALZ DE LOS LA,164,45010,zapopan,CIUDAD GRANJA CALZ DE LOS LA 164 45010 zapopan,20.6782083,-103.4482868
TABACHINES,PASEO DE LOS AV,3101,45188,zapopan,TABACHINES PASEO DE LOS AV 3101 45188 zapopan,20.7408232,-103.3687889
VALLE REAL,AV RAMON CORONA,2748,45019,zapopan,VALLE REAL AV RAMON CORONA 2748 45019 zapopan,20.7328089,-103.4599375
CONDOMINIO MALAGA,AV CENTRAL,1351,45117,zapopan,CONDOMINIO MALAGA AV CENTRAL 1351 45117 zapopan,20.6927846,-103.432489
LADRON DE GUEVARA,AVENIDA AMERICA,620,44600,Guadalajara,LADRON DE GUEVARA AVENIDA AMERICA 620 44600 Guadalajara,20.6823254,-103.3775019
EL ARENAL,CUAUHTEMOC,132,45350,zapopan,EL ARENAL CUAUHTEMOC 132 45350 zapopan,20.6719563,-103.416501
LOMAS DE MIRAMAR,URANIO,31,45060,zapopan,LOMAS DE MIRAMAR URANIO 31 45060 zapopan,20.6391341,-103.4439519
OBLATOS PONIENTE,HACIENDA LA PUR,2415,44700,Guadalajara,OBLATOS PONIENTE HACIENDA LA PUR 2415 44700 Guadalajara,20.6958496,-103.2980962
VIGIA I,HERRADURA,242,45140,zapopan,VIGIA I HERRADURA 242 45140 zapopan,20.7327359,-103.3937991
MARAVILLA,MESA DEL NORTE,1272,44700,Guadalajara,MARAVILLA MESA DEL NORTE 1272 44700 Guadalajara,20.6995569,-103.304327
U H ATLAS,RIO VOLGA,1386,44870,Guadalajara,U H ATLAS RIO VOLGA 1386 44870 Guadalajara,20.6468582,-103.3269652
RINCONADA DE HUENTITAN,JOSE MARIA CANA,5128,44250,Guadalajara,RINCONADA DE HUENTITAN JOSE MARIA CANA 5128 44250 Guadalajara,20.7290954,-103.3211909
TRANSITO,AV CIRCUNVALANC,479,44298,Guadalajara,TRANSITO AV CIRCUNVALANC 479 44298 Guadalajara,20.7007339,-103.338378
EL MANANTIAL S REFOR,AVDE LA PATRIA,202,44470,Guadalajara,EL MANANTIAL S REFOR AVDE LA PATRIA 202 44470 Guadalajara,20.6209342,-103.3499186
VILLA FONTANA DIAMANTE,ARENISCA,1896,45200,zapopan,VILLA FONTANA DIAMANTE ARENISCA 1896 45200 zapopan,20.7769516,-103.4712628
RANCHO NUEVO,CELERINO NAVARR,4135,44240,zapopan,RANCHO NUEVO CELERINO NAVARR 4135 44240 zapopan,20.7173252,-103.3226322
UNIDAD MEXICO,CDA QUERETARO,278,45120,zapopan,UNIDAD MEXICO CDA QUERETARO 278 45120 zapopan,20.6719563,-103.416501
LAS AGUILAS,RIO TOMATLAN,800,45080,zapopan,LAS AGUILAS RIO TOMATLAN 800 45080 zapopan,20.6259866,-103.4079802
PENAL,PEDRO CELESTINO,482,44730,Guadalajara,PENAL PEDRO CELESTINO 482 44730 Guadalajara,20.6731521,-103.3081996
PANORAMICA HUENTITAN,CALZADA,4500,44259,Guadalajara,PANORAMICA HUENTITAN CALZADA 4500 44259 Guadalajara,20.7365162,-103.3103647
EL MIRADOR,EMILIANO ZAPATA,780,44370,Guadalajara,EL MIRADOR EMILIANO ZAPATA 780 44370 Guadalajara,20.6820247,-103.3161386
REAL DE TESISTAN,PASEO DE LA ARB,176,45200,zapopan,REAL DE TESISTAN PASEO DE LA ARB 176 45200 zapopan,20.7826297,-103.4722075
FRACC LOS PINOS,AV COMPOSITORE,3850,45120,zapopan,FRACC LOS PINOS AV COMPOSITORE 3850 45120 zapopan,20.6047829,-103.4350399
ALTAMIRA,AV AMERICA,580,45160,zapopan,ALTAMIRA AV AMERICA 580 45160 zapopan,20.7122558,-103.3821956
U. H. BENITO JUAREZ II,CREDITO,4049,44770,Guadalajara,U. H. BENITO JUAREZ II CREDITO 4049 44770 Guadalajara,20.6727086,-103.2764487
LA FLORESTA DEL COLLI,BOULEVARD PUERT,5430,45116,zapopan,LA FLORESTA DEL COLLI BOULEVARD PUERT 5430 45116 zapopan,20.6467406,-103.4677957
BEATRIZ HERNANDEZ,MARGARITA GUTIE,3497,44760,Guadalajara,BEATRIZ HERNANDEZ MARGARITA GUTIE 3497 44760 Guadalajara,20.6814629,-103.2848051
CANTEROS,PRIVADA CANTERO,1564,45190,zapopan,CANTEROS PRIVADA CANTERO 1564 45190 zapopan,20.7209881,-103.3500652
FRACC CUSPIDE,VALLE DE TESIST,198,45200,zapopan,FRACC CUSPIDE VALLE DE TESIST 198 45200 zapopan,20.7959102,-103.4822055
SAN MARCOS,CANTERA,819,44330,Guadalajara,SAN MARCOS CANTERA 819 44330 Guadalajara,20.698316,-103.3132516
POLANQUITO,MIGUEL MACIAS,3653,44969,Guadalajara,POLANQUITO MIGUEL MACIAS 3653 44969 Guadalajara,20.6177446,-103.3724473
EL CENTINELA 2,HIDALGO,310,45187,zapopan,EL CENTINELA 2 HIDALGO 310 45187 zapopan,20.7588184,-103.3796682
SAN ANDRES,CALLE B,165,44810,Guadalajara,SAN ANDRES CALLE B 165 44810 Guadalajara,20.6621443,-103.2995395
